altitude	pente	distance_horizontale_hydro	distance_verticale_hydro	distance_horizontale_route	ombrage_0900	ombrage_1200	ombrage_1500	distance_horizontale_depart_feu	zone_A
2959	14	313	20	5886	232	244	140	3425	1
3060	12	497	29	6682	240	223	111	2678	1
2705	16	67	24	1900	183	216	170	6384	1
2985	9	192	26	5753	212	223	147	3666	1
3054	10	247	17	6602	221	218	131	2876	1
2820	26	95	22	4589	241	231	101	4868	1
2528	6	150	9	1134	231	234	136	4944	1
3001	10	67	10	6101	199	225	165	3376	1
2942	6	255	59	5490	230	233	136	4002	1
2729	7	385	40	1947	206	229	161	5992	1
2814	12	564	36	3192	218	214	132	6421	1
3109	11	150	16	7049	233	218	115	2496	1
2863	29	128	65	5042	250	213	68	4555	1
2896	16	60	13	5312	174	227	192	4302	1
2771	6	120	13	2624	207	245	176	6244	1
2558	19	95	28	1455	246	229	104	4643	1
2883	26	108	-11	5423	246	185	52	4307	1
3064	20	60	17	6804	249	210	80	3034	1
3018	14	42	10	6432	193	215	160	3395	1
2913	28	170	-7	5485	248	183	44	4319	1
2625	7	153	43	1613	224	244	154	4759	1
2795	17	60	7	3174	238	239	124	6439	1
3037	4	216	10	6515	226	233	141	3465	1
2783	4	217	33	2873	226	234	143	5866	1
3093	9	459	-14	6367	225	245	153	2721	1
3011	11	180	-1	5352	234	241	138	1860	1
3008	12	430	70	6223	226	214	120	3867	1
2798	7	218	7	3069	231	231	133	5952	1
2578	7	390	28	1214	222	225	138	4094	1
3014	10	484	75	6290	210	218	144	3829	1
2590	10	420	21	1290	221	218	131	4127	1
3191	6	235	19	4593	222	227	140	1443	1
2919	11	234	37	4468	238	223	114	5695	1
3191	7	247	19	4562	209	228	157	1530	1
3009	12	255	43	5625	220	249	161	2107	1
2863	10	228	23	3798	212	219	144	6354	1
3048	30	109	49	5113	186	163	99	2160	1
3012	3	124	16	5690	213	242	166	2456	1
3037	13	162	0	5741	215	251	169	2639	1
3050	12	755	16	6198	226	246	152	3492	1
2909	8	258	39	4169	226	224	132	6268	1
2777	7	162	10	2989	226	226	134	5310	1
3047	10	684	121	5822	227	245	150	3108	1
3073	8	497	206	6263	233	232	130	3847	1
2751	11	108	22	2893	237	223	117	4976	1
3155	12	616	114	4510	204	218	150	2012	1
2724	9	30	-3	2738	225	220	130	4821	1
2945	10	30	3	5395	199	248	187	2581	1
2784	10	108	27	3091	233	220	119	5019	1
2945	10	384	36	4501	230	221	124	6269	1
2969	17	242	42	5408	207	253	177	3196	1
3014	19	420	147	5943	249	219	91	4122	1
2982	11	430	63	4777	223	216	126	6158	1
3247	6	779	56	3746	212	229	154	2460	1
2929	30	90	43	6170	131	237	236	4784	1
2941	6	297	74	3648	208	231	162	5261	1
2682	19	85	32	1072	186	204	153	3131	1
2661	20	278	69	859	216	193	105	2958	1
3124	24	255	33	4725	217	181	87	3189	1
3008	14	421	122	6128	208	252	178	5136	1
2926	12	134	30	3842	230	215	115	5092	1
3198	6	85	7	4100	211	228	155	3464	1
2955	10	60	10	4754	192	233	182	5958	1
2978	11	300	6	5172	225	215	124	6350	1
3083	17	698	167	4365	238	205	92	3940	1
2922	13	313	13	5728	214	251	169	5369	1
2749	10	492	46	1489	231	220	120	2816	1
3070	21	674	157	4390	213	188	101	4022	1
2972	8	371	47	4163	227	223	131	5332	1
3027	20	542	111	4455	232	194	86	4200	1
2965	4	242	54	4063	226	234	144	5199	1
2965	16	272	57	4585	225	203	108	4436	1
2979	7	726	85	6065	202	244	181	6054	1
2979	12	124	16	4810	187	237	189	5889	1
2998	3	180	26	5166	218	232	151	6229	1
2982	8	258	60	4213	232	238	138	5276	1
3126	13	630	-47	4106	216	210	128	4242	1
2932	8	95	15	3814	198	236	179	4820	1
3126	16	618	-37	4187	215	205	121	4370	1
2885	15	150	27	3266	240	213	100	4242	1
3001	11	175	23	4945	195	227	171	5930	1
2932	7	30	3	4137	232	236	137	5073	1
3244	7	444	23	3577	211	226	152	3950	1
3031	11	450	59	5411	228	216	120	6337	1
2939	20	270	36	4536	200	194	124	4977	1
2942	7	108	13	4056	200	235	175	4934	1
2834	10	201	33	2017	191	234	183	2804	1
3037	11	531	134	4211	239	231	121	4790	1
2644	7	309	19	1057	204	230	165	1500	1
3027	8	474	52	4177	232	225	127	4857	1
2929	1	242	16	3757	217	239	159	4518	1
2738	18	525	-8	1530	221	198	105	2115	1
2829	13	268	19	1931	236	240	131	2379	1
3162	8	60	-8	3499	229	242	145	4723	1
3139	5	175	23	3740	223	230	142	4941	1
2942	18	457	49	5776	181	251	206	6226	1
2965	11	488	0	4670	227	217	122	5254	1
3159	11	120	-4	3369	239	228	119	4920	1
2957	6	558	44	4006	231	234	136	4507	1
2836	11	171	23	2470	238	227	119	2750	1
3106	10	95	6	3447	229	244	147	5152	1
2727	14	30	0	1766	231	209	107	1532	1
2968	10	201	0	4073	237	234	126	5615	1
3034	5	726	69	5574	224	228	141	5569	1
3042	2	716	50	5651	223	238	151	5474	1
2869	16	120	20	3116	240	236	121	3196	1
3038	14	201	3	3481	239	214	102	5724	1
3041	6	658	50	5755	205	233	167	5327	1
2903	2	175	-5	5347	215	239	162	5717	1
3011	5	300	23	5405	223	229	141	5133	1
3024	11	175	13	3500	239	230	119	5855	1
2781	8	240	23	2312	213	248	170	1660	1
3024	20	90	13	3394	224	247	146	5873	1
2932	6	362	36	5501	203	240	176	5483	1
2777	7	95	19	2470	231	237	138	1757	1
2924	5	30	-2	4492	227	232	139	4595	1
2855	7	278	3	3120	227	242	148	2858	1
2912	7	30	3	4353	217	225	145	4414	1
2725	14	134	23	1774	229	246	146	1006	1
2906	5	150	10	5286	211	244	171	5486	1
3001	4	240	19	5155	213	233	158	4631	1
2735	4	30	0	2178	225	239	149	1380	1
3021	15	120	30	5515	226	207	111	4685	1
3009	15	30	7	5464	239	214	102	4593	1
2889	5	390	9	3799	208	233	164	3482	1
2965	8	270	10	3308	223	222	135	6445	1
2511	4	30	0	390	227	236	144	484	1
3015	11	350	46	3069	227	218	123	6473	1
3031	13	134	27	5449	182	234	192	4380	1
2669	23	234	20	1470	244	231	104	738	1
2906	4	424	47	3949	226	236	145	3416	1
2913	6	235	47	4138	209	245	174	3606	1
2952	7	256	13	3518	205	232	166	6091	1
2716	12	247	77	2048	219	249	162	1490	1
2962	7	335	10	3448	214	225	147	6060	1
2959	7	495	44	3616	214	226	148	5736	1
2952	10	350	37	3761	234	221	118	5557	1
2871	19	95	15	4189	226	196	97	3421	1
2913	10	268	7	4747	215	219	140	4752	1
2636	14	108	19	1571	196	214	156	1379	1
3004	15	417	29	3164	230	208	108	5916	1
3022	15	108	29	5049	245	224	104	3379	1
2982	9	443	3	3491	201	228	166	5602	1
3024	7	240	33	2947	201	234	173	6061	1
2734	5	270	59	1979	213	230	155	1963	1
2784	14	212	49	2673	201	213	146	2594	1
2744	2	390	76	1761	222	235	149	1846	1
2919	4	390	0	4302	210	238	167	4756	1
2782	16	361	82	2270	202	206	139	2334	1
2852	14	0	0	3997	212	208	130	2851	1
2960	11	362	48	4742	239	232	122	2816	1
2589	15	192	58	228	236	240	130	1630	1
2588	11	190	47	306	238	233	125	1652	1
2743	10	255	27	1560	237	229	122	2072	1
2690	12	210	0	1022	237	237	130	1879	1
2972	10	446	0	3986	207	220	151	4669	1
2651	16	182	0	726	246	225	102	1830	1
2972	11	309	78	4053	192	227	174	2460	1
3078	18	182	9	3349	193	203	146	5168	1
2791	4	170	18	2140	226	232	142	2591	1
2719	4	108	3	1489	224	232	144	2229	1
2769	24	150	11	1842	202	253	175	2529	1
2616	10	277	65	395	198	226	168	1687	1
2657	7	134	5	631	207	246	176	1493	1
2949	14	295	10	4592	216	212	129	3416	1
2653	2	190	1	819	219	240	157	1682	1
3113	9	499	7	3458	202	226	163	4579	1
2982	14	402	63	4866	179	240	201	1800	1
2908	5	150	4	3676	223	229	142	1698	1
2801	15	170	44	2904	244	224	105	2090	1
2684	23	67	30	2054	157	206	184	2652	1
2933	10	591	26	5590	194	242	187	2123	1
2962	12	551	42	5331	188	232	184	1926	1
2760	15	201	19	1487	219	207	119	2751	1
3113	18	85	7	3629	248	221	93	4168	1
2955	12	691	35	5467	192	227	175	1933	1
2762	8	108	16	1537	234	232	129	2753	1
2740	19	175	52	2594	197	198	133	2148	1
2691	11	272	5	1053	225	216	124	1956	1
2602	13	30	1	391	234	213	110	1282	1
2940	10	30	3	4592	205	222	154	1273	1
3147	10	42	5	3308	236	225	119	4282	1
2985	20	685	69	5597	169	209	177	1767	1
2778	14	30	9	1842	233	211	106	2822	1
2939	14	180	26	4819	226	210	116	2632	1
2663	7	240	34	685	219	225	142	1312	1
2840	11	243	54	2164	199	223	162	2455	1
2784	12	234	49	1436	187	242	194	2355	1
2748	12	60	16	3636	195	220	164	1256	1
3126	10	616	13	3806	194	232	178	3493	1
2790	21	67	24	3931	245	199	72	999	1
3142	6	532	10	3560	226	227	136	3713	1
3037	19	108	19	4370	238	199	85	2758	1
2952	13	192	36	5221	195	251	193	1706	1
2998	14	242	28	4819	236	240	131	685	1
3014	18	481	111	5451	175	216	180	1329	1
2634	4	342	24	300	217	231	152	1812	1
2952	20	335	31	4670	231	244	135	459	1
2704	18	30	7	1348	234	201	93	2241	1
2890	24	150	61	4061	150	238	224	765	1
3049	7	371	80	5408	230	239	142	893	1
2951	14	0	0	5045	243	228	111	499	1
2886	1	467	50	2558	216	236	157	2460	1
2982	16	400	89	5286	180	248	205	1050	1
2883	9	342	47	2591	229	222	126	2496	1
2887	7	0	0	3331	215	225	147	1521	1
3070	10	67	16	3630	235	222	118	2861	1
2942	11	90	-1	4336	216	215	134	2003	1
2743	12	30	8	1597	240	222	110	2084	1
2938	4	391	51	3247	226	235	144	1836	1
2876	7	256	40	2480	224	225	136	2631	1
2975	13	295	30	4469	233	214	110	1806	1
2985	18	182	53	4325	247	214	89	1935	1
2776	13	30	9	2372	185	240	195	2772	1
2900	8	0	0	4702	234	235	132	1557	1
2970	10	128	14	4147	238	230	121	888	1
2981	8	234	46	3823	216	222	142	1396	1
2984	6	391	61	3715	229	237	141	1529	1
2710	8	408	85	1261	230	226	129	591	1
2827	9	175	42	1956	195	233	178	1961	1
3067	9	247	43	3464	236	231	126	2799	1
2962	3	0	0	4017	211	237	165	2242	1
2989	24	270	120	5428	220	183	86	1128	1
2775	10	564	17	1461	236	226	121	967	1
2615	19	201	-3	1159	228	197	95	170	1
3006	1	283	43	4057	221	236	151	1269	1
2891	12	351	38	2865	233	217	114	2605	1
2702	10	270	78	1440	237	224	118	424	1
2777	12	551	14	1566	236	218	112	1020	1
3083	10	499	43	5136	191	234	182	666	1
3121	9	408	75	5060	206	222	154	726	1
2933	20	90	34	5625	172	250	212	1019	1
2964	17	180	65	5559	175	246	208	960	1
3067	13	0	0	3255	241	221	108	3007	1
2857	8	170	41	2376	200	231	170	2195	1
2643	17	420	-2	962	230	202	99	335	1
3132	9	108	23	2992	235	236	132	3266	1
2711	21	201	24	1622	232	191	81	402	1
3051	9	228	46	4482	222	220	132	1006	1
2958	26	210	45	5166	168	252	212	1557	1
2991	15	162	28	4064	202	209	142	1034	1
2844	8	376	60	2054	235	232	129	1500	1
2886	15	95	22	3042	242	214	98	2581	1
2873	7	30	5	2971	209	227	156	2666	1
2823	5	0	0	2717	223	228	141	2486	1
2999	6	42	-2	3869	208	231	162	1260	1
2888	5	351	63	2601	226	229	139	2190	1
2750	11	127	16	1712	224	217	125	691	1
3123	11	240	31	2925	200	221	160	3401	1
3083	18	446	13	3395	201	199	130	2996	1
3016	3	1	0	4119	213	235	160	1050	1
3027	13	256	22	4540	238	217	108	551	1
3188	15	600	-1	3281	191	216	163	3280	1
2869	10	247	23	3174	228	220	125	2592	1
2710	11	134	-13	1473	207	219	149	1057	1
2972	7	180	27	3970	230	238	141	1950	1
3158	6	433	51	5399	224	243	153	424	1
3040	3	600	56	4326	220	233	149	1531	1
2730	5	404	-26	1507	219	229	147	1418	1
3169	5	390	33	5581	209	232	161	516	1
3074	6	180	35	4858	205	233	167	920	1
2955	6	30	1	5285	213	229	153	2394	1
2905	1	255	52	3324	218	240	159	2574	1
2808	17	30	6	2568	245	230	108	1968	1
2735	5	484	65	1354	226	229	138	1560	1
2887	12	190	37	2913	238	234	124	2376	1
2831	16	60	12	2526	186	213	166	2107	1
2971	5	180	9	5723	217	229	150	2040	1
2994	8	192	27	4482	230	241	144	1964	1
3017	20	323	39	5950	166	245	215	1816	1
2961	13	60	9	4212	237	239	129	2239	1
3092	4	285	8	5143	224	231	143	1249	1
2978	10	134	24	4403	236	234	128	2051	1
2975	8	95	-4	5287	197	241	183	2553	1
3139	10	335	43	5671	212	219	144	987	1
3124	12	235	28	5612	238	220	111	1033	1
2961	20	175	39	3586	249	219	89	2866	1
3038	19	300	65	4790	231	197	91	1765	1
2996	14	210	54	3944	219	208	122	2525	1
3051	27	324	42	4813	200	170	92	1758	1
2969	5	300	102	2856	210	233	162	2461	1
2971	4	300	99	2848	214	243	168	2431	1
2865	7	0	0	1840	223	224	136	2431	1
2774	5	283	-7	1019	226	230	139	2550	1
3225	7	693	81	6319	207	229	161	1392	1
2916	5	30	2	3242	224	242	152	2374	1
3011	0	0	0	5055	218	237	156	2621	1
3088	12	277	32	5042	233	215	112	1842	1
3239	8	825	173	6319	198	242	184	1566	1
2949	9	150	31	3424	237	232	126	2321	1
3069	7	162	24	5594	206	245	178	2089	1
2974	11	192	0	3553	227	216	120	2239	1
2890	8	175	11	1307	212	223	148	2084	1
2738	8	300	21	391	229	223	127	2698	1
2977	10	30	6	3335	202	224	160	2028	1
2894	8	108	5	1421	212	223	148	1999	1
2882	15	258	3	1239	244	221	103	2064	1
3035	12	85	11	3990	195	222	166	2333	1
2969	1	30	0	2431	221	238	153	1652	1
3012	12	85	10	3360	200	218	155	1890	1
2984	8	90	5	2700	217	222	141	1630	1
3197	13	604	47	4307	204	214	145	3327	1
3050	6	297	30	3810	216	227	149	2122	1
3218	12	674	69	4221	205	216	148	3407	1
3130	13	277	54	5694	190	247	195	2503	1
3157	8	268	33	4622	202	231	168	2483	1
3092	5	61	16	4536	208	235	167	3212	1
3170	7	342	47	4574	219	224	141	2391	1
3153	8	95	11	4845	198	233	174	2631	1
3032	3	212	24	2431	220	232	149	930	1
3034	5	270	26	2420	219	228	145	871	1
3098	16	108	24	5273	216	203	118	2951	1
3170	6	201	24	4804	202	238	175	2533	1
3114	6	67	5	4507	203	235	171	3349	1
3106	13	90	22	5287	228	211	113	3021	1
3101	12	95	17	3524	227	213	117	1224	1
2924	6	362	89	934	209	230	159	2032	1
2961	7	30	3	2321	232	232	133	604	1
3131	5	310	47	3730	217	230	149	1332	1
3108	5	247	22	3445	224	229	140	993	1
3099	8	283	13	3360	232	228	129	912	1
3203	18	306	79	4121	229	199	96	3746	1
3148	11	134	17	4280	232	218	118	3654	1
3201	7	497	81	6034	209	246	175	3123	1
2967	8	0	0	2524	229	224	128	362	1
3233	14	270	79	4636	182	241	198	3345	1
3217	23	470	111	4916	233	187	74	3074	1
3093	15	150	-8	3868	244	228	110	1200	1
3011	16	313	38	2605	189	213	162	242	1
3177	16	90	7	4228	218	203	115	3257	1
3057	11	351	10	3097	206	218	150	285	1
3217	15	419	101	5060	231	208	105	2745	1
3086	4	42	0	3905	220	231	147	1121	1
3018	10	127	25	2636	237	234	127	541	1
3240	6	659	61	4752	218	246	163	2663	1
3155	7	180	-14	4889	223	226	139	2165	1
3085	14	424	41	3486	225	208	114	679	1
3202	7	248	21	5688	224	225	136	2346	1
3128	16	242	36	3928	193	211	154	1099	1
3006	9	268	44	1604	236	230	125	1879	1
2972	13	124	23	1442	241	221	107	2045	1
3168	8	382	106	3903	228	224	130	876	1
3187	2	467	10	5206	219	235	152	2289	1
3018	8	150	0	1695	233	228	128	1790	1
3125	22	277	63	3864	251	216	81	767	1
3185	3	30	2	5193	217	233	154	1914	1
3222	5	30	1	4558	226	238	147	1907	1
3070	10	31	6	3824	196	228	171	408	1
2966	13	42	6	1482	239	219	109	2072	1
3242	8	335	147	4984	213	225	149	1770	1
3158	14	134	0	4702	230	209	109	1410	1
3250	4	450	155	5117	219	233	150	1890	1
3114	16	201	50	4025	229	206	105	543	1
3258	28	277	88	5349	217	166	65	1470	1
3043	6	120	14	1939	210	230	158	1652	1
3001	18	175	42	1398	176	214	176	2253	1
3027	6	30	3	3379	203	235	171	212	1
3093	18	268	69	2837	171	220	189	735	1
3259	12	180	101	4903	236	217	110	1541	1
3067	20	85	2	3045	166	218	191	541	1
3007	10	371	55	1221	219	218	134	2352	1
3077	12	201	1	2175	226	214	120	1495	1
3060	15	212	1	2039	180	229	190	1642	1
3070	9	85	8	3226	204	226	161	469	1
3051	13	297	62	1489	218	211	126	2271	1
3039	4	0	0	3690	223	231	144	351	1
3067	13	268	-8	2160	228	213	116	1572	1
3264	14	247	38	4424	224	209	116	1434	1
3331	16	331	61	3664	197	208	147	1989	1
3286	10	301	91	5001	195	245	188	1142	1
3060	12	108	20	3548	185	237	192	518	1
2934	15	240	-9	485	226	207	111	1697	1
3271	9	371	45	5594	199	246	186	1456	1
3213	2	216	-9	6066	215	240	163	1290	1
3163	3	283	32	3074	218	233	153	933	1
3254	15	408	41	5610	242	233	116	1338	1
3092	19	85	23	4299	163	225	200	957	1
3146	6	300	46	2536	217	226	145	1590	1
3369	15	42	6	3980	200	209	144	1410	1
3179	27	277	109	4284	136	214	213	1075	1
3168	11	361	-44	3301	191	245	193	1142	1
3133	31	95	33	3877	228	161	44	1081	1
3209	5	60	6	5730	222	243	156	979	1
3218	4	95	6	6024	219	230	148	853	1
2932	24	272	2	589	233	184	71	2134	1
3093	14	323	9	1865	201	211	147	2631	1
3206	2	124	12	5348	215	238	162	1140	1
3247	19	30	7	5132	222	196	102	212	1
3184	15	85	2	5282	238	238	125	1142	1
3197	10	180	-20	3503	197	245	187	1616	1
3202	9	108	-17	2871	216	220	140	2021	1
3232	5	30	0	6067	229	236	140	424	1
3251	9	153	33	3462	194	235	180	1889	1
3276	7	124	13	6406	216	225	146	30	1
2588	21	30	7	711	199	191	122	1561	0
3271	9	67	10	6363	233	230	130	67	1
3179	12	277	31	1980	229	215	118	3085	1
2617	10	60	2	895	211	218	144	1648	0
3197	7	90	10	2223	206	229	161	2991	1
2702	27	191	36	1230	160	186	157	1861	0
3240	13	67	17	3994	185	230	185	1324	1
3009	7	60	-2	751	223	224	136	2213	1
3042	7	127	11	1167	221	225	139	2335	1
3303	3	134	43	6099	224	234	146	601	1
3323	20	484	67	5125	209	194	114	351	1
3104	14	0	0	1865	240	216	104	2462	1
2794	24	241	84	1130	150	213	198	2424	0
2880	13	90	20	1595	202	213	147	2754	0
3265	6	150	27	3454	222	227	139	1892	1
2899	22	548	132	626	238	191	74	1524	1
2888	38	765	512	845	92	206	240	2512	0
3078	5	255	14	1342	229	234	139	1608	1
2438	14	170	19	612	196	214	156	1410	0
3295	15	0	0	2898	231	208	106	2440	1
2913	12	418	134	782	236	219	112	1151	1
3299	13	0	0	2871	230	212	113	2451	1
3005	13	534	95	1566	183	231	187	2296	0
2733	36	228	151	1256	253	175	16	886	0
3289	27	42	21	4039	253	210	67	1053	1
3080	12	339	10	1538	240	230	118	1465	1
2868	22	285	86	1652	189	189	131	1757	0
2556	19	30	8	1155	247	227	101	680	0
2579	33	162	52	690	210	150	51	787	0
2810	17	90	31	577	240	207	91	870	1
2841	13	153	45	677	232	215	112	815	1
2866	6	1	0	1442	220	226	143	2601	0
2769	18	309	75	1195	221	199	107	1092	0
2683	36	424	190	981	114	234	242	1650	0
3084	11	365	-97	1771	234	221	118	1316	1
3102	17	301	-79	1744	237	206	95	1359	1
2716	31	366	192	1132	126	234	238	1503	0
2732	23	216	93	1577	207	184	103	1211	0
2913	17	390	156	1570	195	255	191	1583	0
3056	5	633	-125	1574	223	229	142	1008	1
3162	15	108	-19	1630	243	217	99	1543	1
2929	6	256	8	1968	215	246	167	1806	0
2957	8	382	11	1972	212	248	173	2110	0
2720	19	90	0	1194	193	200	141	1860	0
3108	10	277	-65	1478	230	221	123	1312	1
2795	9	285	88	1398	209	223	152	806	0
2762	24	210	107	1442	150	211	197	1339	0
2871	18	150	58	840	231	200	96	2042	0
2599	30	60	29	1253	125	227	235	1084	0
3136	12	300	-37	1266	206	215	146	1260	1
2814	26	85	37	1207	252	214	72	1723	0
3157	4	420	-16	1200	226	239	150	1140	1
2957	24	395	129	1095	250	219	84	511	1
2956	15	594	-4	932	221	206	117	636	0
2951	15	618	-32	875	220	207	118	573	0
2795	15	175	38	914	208	206	132	631	0
3214	17	503	60	1208	247	215	91	2231	1
2819	18	30	-5	967	211	199	119	1503	0
2918	13	176	27	525	188	223	174	1570	0
2927	14	150	14	450	219	207	121	1505	0
2984	6	60	6	1410	220	245	160	1812	0
2909	25	175	65	782	164	190	158	1465	0
3034	12	342	1	601	202	219	153	698	0
2809	12	0	0	1358	187	236	190	1766	0
3021	11	85	7	642	227	246	151	1758	1
3290	30	108	51	2448	252	184	38	3010	1
2955	14	190	41	1691	180	231	191	1332	0
2970	30	150	0	484	245	219	80	1667	1
2900	12	297	85	2334	192	226	174	589	0
2907	12	153	33	1048	200	221	160	2042	0
3373	31	484	250	3137	170	251	201	2974	1
3234	29	180	31	2454	229	236	118	3181	1
3270	11	297	48	3810	212	250	173	2588	1
3127	29	633	246	1073	248	218	77	2802	1
2892	15	677	8	1232	177	226	188	1206	0
2709	13	30	3	2143	197	252	191	240	0
2982	9	313	120	722	199	233	174	1707	0
3111	23	85	-17	2173	212	251	161	3522	1
3223	11	124	11	3786	217	249	165	2814	1
3017	16	42	4	228	201	208	142	1572	0
3203	20	175	28	3214	217	250	158	3196	1
3090	12	124	7	2614	222	248	157	3457	1
2866	22	420	-16	1288	156	233	215	1484	0
2955	16	404	144	1618	172	238	205	1243	0
2881	9	30	0	511	235	236	133	2442	1
3064	8	120	0	2430	227	243	150	3653	1
3062	7	150	13	2460	230	240	143	3672	1
3144	9	85	0	2881	231	223	124	3593	1
2901	18	283	79	300	175	216	181	1368	1
2898	11	60	10	582	203	221	157	2520	1
2931	15	176	20	1561	214	252	169	1370	0
3003	21	424	171	430	158	227	208	1115	1
3034	12	85	-9	2290	230	244	145	3899	1
2874	10	0	0	1198	236	226	121	648	0
2854	20	60	20	1800	177	252	209	1256	0
2993	13	175	19	1637	226	247	151	3572	1
2910	4	30	1	1140	225	232	143	3042	1
2942	13	216	27	1452	196	219	162	703	0
2872	6	30	1	1691	231	233	136	1126	0
2919	4	30	3	1263	226	232	141	3152	1
2958	5	319	59	1575	227	233	140	787	0
2965	14	255	47	1231	190	218	166	3031	1
2930	14	424	30	2750	180	230	190	1383	0
3083	22	301	113	1919	211	185	101	3805	1
2961	4	175	-7	1187	223	232	145	726	0
3139	21	150	35	1181	190	194	136	2754	1
2935	2	60	0	1790	221	234	150	300	0
3029	30	153	54	1926	236	169	43	3738	1
3011	3	596	123	2576	220	233	150	1741	0
3101	19	497	-1	1507	163	228	204	3118	1
3005	21	95	29	1996	241	195	74	3615	1
3273	11	450	49	1260	239	227	118	2282	1
2878	21	240	73	270	247	203	75	1296	1
3049	24	421	-54	663	249	195	60	1693	1
2950	3	85	2	2053	213	240	166	351	0
2977	22	192	62	2737	159	215	194	335	0
2954	16	247	56	2304	246	226	103	1969	0
2901	22	0	0	2644	154	237	220	212	0
2956	7	0	0	1026	231	229	131	182	0
2956	19	42	16	1842	246	229	104	175	0
3114	16	277	62	335	223	249	153	553	0
3117	15	42	-2	2326	178	234	196	3007	1
2960	17	0	0	485	232	202	97	1731	1
3300	26	295	102	1727	254	201	57	2922	1
3097	19	216	82	607	247	227	100	1126	0
2926	4	85	0	2372	210	235	163	379	0
3001	4	309	23	2906	209	236	165	680	0
3360	15	216	67	2379	186	219	173	2620	1
2953	7	60	7	1869	219	226	142	2547	0
2918	14	248	80	904	241	235	120	2048	0
3376	6	426	150	3941	223	227	140	2724	1
2933	24	296	133	309	239	187	67	1385	1
3013	13	180	-7	1159	235	214	108	767	0
2876	14	765	145	175	197	213	153	1340	0
2918	27	270	123	285	236	177	55	1310	1
3022	14	124	0	1120	243	218	102	805	0
3039	9	380	70	2248	224	221	131	2240	0
3328	29	382	150	3908	252	186	41	2550	1
3293	16	180	11	1840	227	203	105	2670	1
3046	9	127	19	3000	196	241	184	1040	0
3058	8	313	64	2618	197	236	180	1945	0
2835	14	297	84	672	240	235	121	2818	0
3027	15	42	9	2910	181	245	202	1020	0
2868	6	0	0	1140	231	235	137	1976	0
3387	15	404	105	2235	240	214	100	2430	1
3081	5	61	9	3700	228	238	144	2250	1
3521	23	268	87	2723	177	190	145	2274	1
3019	26	454	217	459	225	175	67	1418	1
3357	8	362	75	2120	233	230	129	2431	1
3072	27	577	272	583	220	175	76	1535	1
3058	7	495	69	2491	232	229	129	2160	0
3033	9	175	12	1320	235	235	131	1195	0
2789	17	108	33	636	237	239	125	2864	0
2848	14	30	0	1371	244	223	105	2432	0
2667	7	228	23	255	222	227	141	743	0
2795	8	30	0	1328	221	223	137	2838	0
2852	11	532	20	540	228	217	120	1233	0
3105	18	162	43	1112	200	203	136	162	0
3060	12	323	29	1198	201	218	155	247	0
2844	15	42	5	1448	195	210	152	2539	0
2808	17	85	21	1283	207	203	129	2937	0
2848	5	642	22	660	228	233	139	1320	0
2781	13	120	13	847	217	210	126	3034	0
3259	17	212	44	1842	236	205	96	2347	1
3071	7	176	17	2824	203	243	179	1716	0
2907	15	108	34	1620	244	224	106	2117	0
2739	11	552	82	591	224	215	124	854	0
2902	15	192	49	1677	189	216	166	2538	0
3271	17	350	158	1050	220	250	157	1895	1
3179	8	135	20	1221	211	224	150	624	0
3059	4	85	8	2781	221	231	148	1677	0
3180	6	217	-3	1434	225	227	136	418	0
3052	16	182	57	2477	174	234	200	1560	0
3063	16	218	68	2512	175	237	202	1590	0
2659	14	192	55	384	237	213	104	277	0
3051	11	268	13	1774	226	217	124	1194	0
2798	10	60	6	1026	202	223	159	2851	0
2983	8	607	-50	1528	196	238	181	1777	0
3048	8	335	15	1842	220	223	138	1301	0
3218	11	0	1	4402	240	228	117	2037	1
3083	9	360	82	2106	220	220	135	2731	0
3184	13	0	0	4070	197	218	158	1434	1
3522	14	882	307	2552	219	208	122	1693	1
3044	6	150	9	1983	206	232	164	1860	0
3089	3	210	14	2581	223	233	145	1869	0
3471	20	711	256	2363	237	198	83	1758	1
2999	8	543	-34	1633	198	240	181	1939	0
3102	9	365	49	2348	196	236	180	2188	0
3078	6	30	4	2410	202	239	175	2041	0
2691	7	0	0	1110	223	244	156	1738	0
2645	33	42	27	342	156	248	210	1463	0
2849	9	342	38	1599	213	221	144	3042	0
2797	5	85	9	1221	228	239	145	1224	0
2881	12	551	241	1077	203	251	183	1891	0
2899	17	564	89	1816	237	205	94	2819	0
3356	10	511	122	1771	221	218	131	2058	1
3217	8	212	6	1899	216	223	143	871	0
3122	16	421	16	2181	219	204	116	1548	0
2717	17	127	28	1315	226	202	105	1521	0
3231	10	510	127	1154	234	224	121	1913	1
3170	16	360	29	2253	195	210	151	1465	0
2713	8	42	3	1167	234	228	126	595	0
3642	18	900	230	2738	206	199	125	1282	1
3100	12	213	62	808	240	225	114	1637	1
2725	5	108	6	1213	229	237	142	700	0
2947	23	30	-2	408	231	186	75	1194	1
2852	14	424	233	516	244	227	108	926	0
3213	13	297	53	1213	240	221	109	1731	1
3242	14	240	-41	1377	240	216	104	1812	1
3515	22	800	230	2330	251	205	71	1358	1
3077	14	90	-20	2708	233	212	109	1994	0
2960	22	285	-37	467	249	200	68	949	1
3121	11	309	40	1195	202	221	156	2658	0
3095	16	234	55	2910	187	215	166	2382	0
3120	4	277	0	2375	227	235	143	2362	0
2891	28	690	264	648	138	197	192	553	0
3132	13	95	14	2955	236	216	109	2100	0
2833	9	450	64	1860	220	221	136	1190	0
3122	13	319	5	2215	189	221	171	2438	0
3187	12	752	63	1211	232	217	115	2329	0
2597	4	30	3	2163	210	233	162	1328	0
3143	7	30	9	3105	210	228	155	2222	0
2807	19	150	41	2270	235	199	87	552	0
2907	29	420	269	1706	137	241	233	1511	0
3397	13	467	112	2029	228	211	113	1630	1
2699	14	90	-2	2409	201	211	145	541	0
2626	22	60	14	2391	244	197	72	1167	0
3120	11	90	8	1556	194	247	191	2268	0
2661	18	240	75	2083	172	216	182	1627	0
3200	5	541	16	1073	220	244	160	2028	0
3013	11	443	-9	2483	222	216	128	2538	0
2630	21	240	-38	1723	213	190	105	1531	0
2946	23	589	77	2264	192	187	125	1608	0
3220	5	680	36	870	206	235	169	1931	0
2909	21	793	143	2343	157	220	201	808	0
3103	13	234	3	2839	216	211	129	3005	0
2918	7	553	152	2468	228	226	132	485	0
3138	13	268	42	1048	242	225	110	1050	1
3266	8	480	43	3524	198	232	173	2832	0
3021	24	720	152	2448	180	188	140	1832	0
3269	2	390	46	3480	221	235	150	2910	0
3181	5	270	49	933	224	242	152	1768	0
3274	9	437	109	3523	200	228	167	2772	0
2868	26	190	46	351	244	183	53	234	1
3035	18	1063	166	2642	216	199	112	1239	0
3038	17	1101	169	2673	218	201	113	1213	0
3260	13	0	0	3073	240	234	121	547	1
2774	10	618	123	2701	212	219	144	1595	0
2729	20	60	38	1865	228	193	90	1006	0
3042	7	255	42	2233	218	246	164	1358	0
2787	7	488	72	2971	209	227	156	1366	0
2875	8	335	96	3331	230	224	128	638	0
3211	16	342	34	2554	202	254	183	1071	1
3233	4	342	1	150	212	237	164	1144	0
3143	17	1180	196	3075	219	250	159	1746	0
3174	13	924	10	3075	238	237	127	2737	0
2739	12	330	9	2546	225	213	120	2259	0
2926	16	95	-19	626	242	213	97	663	1
3363	12	424	95	3261	224	247	155	234	0
3428	12	722	196	3378	211	251	173	537	0
2744	19	108	39	2258	163	226	203	570	0
3201	13	592	96	2748	236	239	131	3173	0
2947	22	108	20	793	242	196	73	797	1
2969	8	108	11	2084	204	246	179	1209	0
3212	12	467	96	2618	240	230	117	2851	0
3284	19	769	168	2581	245	229	105	2477	0
3268	17	258	-49	2962	213	252	168	408	0
3113	9	391	72	1328	198	247	187	1224	0
3292	13	95	23	3338	240	226	114	644	0
2964	10	543	21	2809	233	240	137	2389	0
3003	14	480	55	2683	243	227	111	2589	0
3035	21	390	24	1231	237	239	120	895	1
2988	19	390	149	1087	241	235	116	765	1
3042	13	109	28	1736	191	248	196	1440	0
2915	13	67	6	2642	189	224	174	618	0
3223	2	511	84	745	217	241	161	551	0
2944	26	891	312	2724	253	201	59	1626	0
3012	14	300	33	1830	233	242	136	1423	1
2989	12	180	-7	2345	187	240	192	932	0
3210	11	603	94	2257	239	227	117	2676	0
3140	10	228	55	1333	207	248	178	955	0
3172	5	0	0	1785	214	229	152	430	1
3071	20	30	18	1637	177	252	209	1190	0
3189	16	0	0	3183	232	244	139	871	0
3275	8	1040	138	2207	223	245	156	2245	0
2929	9	417	53	2582	228	243	147	2105	0
3071	3	30	0	1591	225	237	147	446	1
3056	19	242	41	1745	233	243	133	1090	1
3247	9	408	45	2471	217	248	165	1452	0
3270	6	973	133	2185	218	245	163	2202	0
3067	5	30	2	1565	224	241	152	495	1
3201	21	175	52	2991	178	253	207	960	0
3239	10	350	37	2475	216	249	167	1426	0
3158	11	342	42	2075	234	220	117	3036	0
3236	9	351	103	2803	215	249	169	1087	0
3268	3	1006	137	2084	216	242	163	2322	0
2910	17	780	132	2377	242	234	115	1583	0
3059	10	0	0	1412	208	219	148	663	1
3340	20	510	134	1710	227	246	141	1574	0
3339	15	551	133	1385	238	238	126	1969	0
3227	6	240	94	2737	203	242	178	1224	0
3225	5	330	92	2673	218	228	146	1254	0
3199	12	212	13	2223	224	247	154	1655	0
3082	17	125	20	1302	226	201	102	560	1
3018	4	190	21	2620	209	240	169	847	0
3328	7	331	33	1050	208	246	176	1500	0
3335	6	331	24	1015	210	245	173	1560	0
3193	11	182	12	2197	226	246	151	1677	0
3127	12	408	68	1800	226	214	120	3382	0
3250	16	458	67	1265	206	205	133	295	1
3258	12	256	57	1110	223	248	155	612	0
3176	7	192	22	2002	218	246	163	1888	0
3053	13	430	57	2858	219	211	124	787	0
3277	18	870	161	1690	225	197	99	2899	0
2837	11	85	9	2088	220	248	161	2358	0
3323	14	488	76	1337	243	228	112	2285	0
3301	27	417	170	2719	209	248	156	870	0
3060	14	510	63	2665	185	246	200	1116	0
3158	6	342	5	1631	205	242	176	390	0
3276	11	878	166	1537	191	241	190	2672	0
3247	18	342	86	3558	241	236	117	726	0
2809	21	362	108	1820	249	225	94	2154	0
3284	6	888	174	1445	204	240	175	2748	0
3254	12	120	26	1531	213	214	136	831	0
3347	7	1055	266	1323	221	246	159	3013	0
2813	8	170	24	1753	222	223	136	2536	0
3285	13	671	209	700	219	211	125	890	1
3249	14	180	14	1604	229	209	110	984	0
3349	12	426	41	1489	240	226	114	2619	0
2828	19	150	64	1776	223	195	99	1401	0
3140	9	0	0	2272	217	220	140	721	0
3138	13	150	28	1489	196	251	191	2366	0
3336	10	306	38	1575	192	237	185	1777	0
3144	23	390	94	3371	216	249	155	1006	0
3288	26	124	19	1209	228	241	127	1088	1
3249	9	690	173	732	227	222	127	1209	1
3283	9	0	0	1772	194	239	184	1477	0
3256	7	751	180	666	230	228	129	1233	1
2946	13	85	13	2984	189	247	196	1154	0
3204	11	402	67	2223	219	217	131	607	0
3242	21	313	49	691	210	252	167	1071	1
3169	15	242	21	2460	180	223	183	450	0
3116	16	150	22	2971	224	202	108	1370	0
2738	17	42	13	1312	217	200	113	2612	0
3315	11	437	43	1943	208	219	147	1273	0
2771	17	150	38	1266	225	203	108	2632	0
3030	17	170	32	1657	241	236	120	2330	0
3218	2	576	81	2335	222	234	150	534	0
3240	7	726	103	2257	203	244	181	685	0
3141	16	366	55	1106	176	243	206	2748	0
2950	18	42	5	3046	189	207	153	1392	0
3111	9	564	80	2886	197	242	185	566	0
3217	24	309	60	320	203	252	172	1236	1
3059	18	60	5	3596	208	198	122	1380	0
2748	6	395	50	1340	205	241	176	1917	0
3114	13	458	78	3017	184	240	196	532	0
3035	14	150	17	3277	224	209	116	1530	0
2862	16	513	91	1080	245	220	98	2687	0
3122	9	469	85	3023	198	243	185	459	0
3203	18	417	131	3252	198	202	138	1661	0
2994	17	85	9	1369	186	251	201	2634	0
3153	11	85	5	330	222	247	158	1440	1
3148	20	306	110	3458	198	197	131	1652	0
2889	6	0	0	1958	230	235	139	2213	0
2941	10	120	20	2242	221	219	132	2055	0
2950	14	42	3	1397	238	217	108	1006	0
2889	7	60	6	1865	230	227	129	2366	0
3263	8	323	85	924	223	223	136	1765	1
3159	12	443	104	3120	194	249	192	247	0
3237	7	350	-24	2860	210	247	174	306	0
3138	34	404	127	3284	253	177	21	1875	0
3282	16	655	228	3618	208	205	130	1959	0
3073	16	234	42	2737	215	203	119	1082	0
3196	27	430	171	3511	254	205	59	2070	0
3055	18	319	67	2432	179	213	170	2285	0
3303	6	684	266	3693	228	230	136	2148	0
3098	18	212	61	2554	241	205	88	1136	0
3295	12	607	258	3777	238	222	113	2230	0
2813	34	30	11	2192	252	196	40	1537	0
3270	6	0	0	1072	222	228	140	2230	1
2939	11	228	8	1967	218	217	134	912	0
2952	12	258	21	2022	208	214	141	886	0
3136	17	591	140	2288	211	202	124	2592	0
3266	7	150	14	808	230	227	130	2249	1
3028	17	488	169	1790	222	200	106	2913	0
3176	16	531	168	2482	188	212	162	2666	0
3077	11	721	218	1950	213	217	139	3034	0
3126	3	162	16	379	211	238	165	2134	1
3174	22	270	80	2554	162	208	182	781	0
3151	17	300	57	2455	171	225	193	824	0
3159	10	391	65	2255	231	241	141	953	0
2854	27	108	43	1652	253	196	52	1165	0
3290	16	570	9	895	246	220	98	2673	1
3088	22	85	32	3248	157	214	195	2839	0
3194	6	268	31	2674	216	246	167	977	0
3132	13	342	29	2221	209	252	177	875	0
3360	16	301	48	1294	243	233	113	2871	1
3179	15	180	38	2571	220	250	159	1045	0
3033	18	176	45	1518	248	222	96	1324	0
3194	15	417	-4	900	237	239	129	2502	1
2836	34	67	23	1380	227	151	30	899	0
3181	12	566	54	2257	208	214	141	3337	0
3111	17	150	8	2164	215	253	165	721	0
2886	25	162	75	1415	162	250	219	426	0
3121	7	120	-3	841	211	227	153	1933	1
3056	4	120	1	1124	227	236	144	3115	0
2988	15	67	6	872	244	218	99	2713	0
3062	1	255	-37	698	216	237	159	1557	1
3010	10	30	3	1338	236	226	120	1405	0
3049	5	633	32	1401	206	236	169	811	0
3169	5	0	0	4271	228	234	140	3271	0
3160	8	0	0	4184	223	223	135	3255	0
3144	13	60	-4	4076	232	212	110	3267	0
3084	16	1	0	2015	185	251	202	541	0
3125	12	60	22	2148	185	233	188	624	0
2983	6	170	25	192	230	234	138	1269	1
3282	12	685	58	2998	211	215	139	3408	0
3269	15	42	8	1549	241	214	99	2912	1
3140	10	247	10	1136	217	249	165	2138	1
3183	6	60	11	2715	218	245	163	1233	0
3350	15	127	37	3628	228	207	109	1729	0
3270	19	582	177	3309	165	219	192	3449	0
3076	25	726	35	1146	150	206	191	907	0
3092	15	390	84	938	188	214	164	1261	0
3298	6	175	11	1931	229	228	134	3102	1
3108	10	121	20	2028	220	247	161	519	0
3102	15	351	85	1489	214	205	123	2836	0
3237	2	335	66	2620	214	239	163	994	0
3213	15	60	0	1718	231	207	105	2533	1
3034	14	42	6	576	224	248	152	1211	1
3156	10	362	34	1973	211	219	143	2706	0
3230	11	120	-8	1734	236	221	115	2572	1
3309	17	392	80	3328	174	246	209	1341	0
3253	19	85	16	3118	248	222	95	2958	0
3119	7	42	4	1060	232	231	131	1869	1
3158	15	258	1	2103	176	236	199	805	0
3228	9	228	30	3046	197	245	187	1062	0
3337	11	309	58	3561	216	250	167	1530	0
3209	17	330	-42	1539	245	214	92	2431	1
2903	16	30	1	934	192	253	195	631	0
3145	2	277	53	1994	218	234	153	841	0
3252	12	361	88	2506	201	219	156	2518	0
3195	9	755	79	1947	212	222	148	2415	0
3126	5	212	11	1149	223	243	154	2001	1
3202	9	819	86	1986	212	222	147	2359	0
3203	16	283	-4	1477	244	214	95	2407	1
3288	18	228	30	4651	222	249	153	2760	0
3271	11	300	80	2743	203	220	154	2468	0
3079	5	295	15	582	229	236	140	1490	0
3275	10	474	68	4167	224	247	155	2132	0
2953	13	211	24	1132	187	246	197	524	0
3302	13	255	68	2935	203	215	149	2416	0
3045	8	30	4	350	203	228	164	1173	1
3147	16	201	22	2348	241	235	119	402	0
3240	11	361	50	3966	232	242	140	1943	0
2929	16	216	32	150	201	209	144	247	0
3053	12	402	31	1338	197	250	190	685	0
3298	10	285	14	5016	198	230	170	3032	0
3086	17	255	33	1978	218	251	161	108	0
3080	10	297	49	1855	222	248	159	212	0
3074	15	242	27	1939	229	247	145	124	0
3170	12	323	23	2758	208	251	178	750	0
3063	13	175	32	1945	219	250	162	95	0
3219	12	268	0	3625	212	251	173	1651	0
3137	12	295	-4	2590	206	252	180	607	0
3149	13	543	68	330	209	211	137	1455	1
2835	2	0	0	636	213	238	163	300	0
3174	18	67	13	1500	247	225	98	2614	1
2877	16	170	35	845	200	253	186	127	0
3216	13	319	70	696	190	226	177	1842	1
3126	7	30	3	3210	200	239	178	1463	0
3266	7	589	117	874	224	226	136	2053	1
3065	19	0	0	2312	186	253	200	872	0
3262	21	525	111	4051	162	215	191	2268	0
2936	26	127	60	1426	171	253	210	907	0
3314	2	641	176	1020	223	236	149	2322	1
3323	4	570	135	1312	221	242	157	2603	1
3319	9	547	64	1396	230	242	144	2697	1
3146	17	297	67	3230	173	243	208	1663	0
3015	7	242	-24	2318	214	247	169	1167	0
2980	17	268	24	1315	234	205	98	1034	0
3398	17	953	267	4094	170	230	200	2490	0
2879	18	201	88	644	233	202	94	902	0
3207	9	0	0	1265	232	225	125	2521	1
3116	24	1	0	1224	251	220	84	883	0
3006	29	342	166	787	253	187	41	1198	0
3000	17	108	39	1421	204	202	131	1361	0
2950	38	277	159	840	97	180	208	1276	0
3175	22	525	65	1137	191	190	131	1639	0
3137	25	433	134	600	147	206	195	1968	0
3179	25	800	258	3312	146	237	226	2418	0
3133	16	95	16	589	244	230	110	1756	0
2907	23	61	46	421	151	229	216	1795	0
2835	9	61	9	1138	202	227	163	1410	0
2854	20	0	0	1158	250	213	82	1465	0
3223	19	450	68	1354	247	214	89	1657	0
3093	18	31	15	725	246	210	86	1789	0
3185	11	469	109	600	217	215	134	1800	0
2977	28	108	53	2631	216	167	69	2097	0
3026	22	324	108	2455	187	190	134	2147	0
3082	24	499	259	1290	147	219	210	1101	0
3193	13	309	16	1519	238	217	108	1572	0
3090	8	120	11	1536	217	223	142	1892	0
3124	20	617	306	1320	162	228	205	1041	0
3224	11	201	19	1510	208	219	147	1020	0
3259	23	700	183	503	174	194	153	2041	0
3088	19	488	41	1290	193	199	140	2008	0
3069	20	365	150	2349	222	191	96	2304	0
3232	19	595	90	301	165	238	212	2203	0
3166	17	272	71	2052	176	222	185	2096	0
3186	3	573	145	2107	216	233	154	2259	0
3176	15	301	70	1012	209	206	130	2053	0
3140	20	342	34	1103	232	193	85	1853	0
2965	13	424	70	902	210	212	137	1864	0
3276	17	769	200	771	204	203	132	2164	0
2987	27	180	66	2305	239	177	51	2519	0
2994	16	541	99	1044	194	209	150	1920	0
2947	9	700	196	1345	226	220	128	1702	0
2839	20	153	41	2156	188	254	199	1879	0
3199	14	180	54	1617	237	214	105	2190	0
3139	17	201	8	1332	235	204	95	2387	0
3015	15	228	-13	2385	182	223	181	1431	0
3277	16	451	74	2066	199	205	141	1024	0
3130	15	42	0	1370	223	206	112	2534	0
3040	13	95	21	1219	204	213	145	2470	0
3304	15	612	101	2089	198	211	150	849	0
3303	11	979	89	997	189	238	189	2448	0
3177	14	228	42	243	206	253	181	2765	0
3091	13	90	25	1410	185	227	181	2496	0
3090	12	60	13	1445	206	216	148	2536	0
3027	23	870	264	1677	218	187	95	2160	0
3170	22	474	31	2155	167	205	175	365	0
3054	21	67	12	2903	158	238	218	1653	0
3114	17	42	1	2553	171	224	194	607	0
3163	17	277	85	2886	172	229	197	1142	0
3209	17	573	70	2113	182	212	167	277	0
3301	24	124	52	1844	153	205	188	2520	0
3247	1	268	36	1082	220	238	155	2461	0
3118	22	560	93	2053	227	190	86	1926	0
3168	16	362	73	3000	228	204	105	872	0
3201	15	242	50	2808	193	213	157	547	0
3090	24	210	64	2429	252	214	76	1624	0
2935	15	108	20	3203	192	214	160	2140	0
3010	21	150	27	3463	162	242	218	1782	0
3217	14	509	9	752	229	246	145	2101	0
3238	21	180	1	2251	250	214	82	1806	0
3129	13	430	45	180	201	251	186	2239	0
3360	25	648	209	2927	148	214	203	600	0
2923	9	0	0	2928	220	219	134	1425	0
2994	16	212	32	1556	240	236	120	2221	0
3136	10	323	60	150	226	245	150	1698	0
3123	17	240	5	2799	203	205	134	1082	0
3103	8	492	61	510	209	247	175	1608	0
2950	9	90	14	3115	201	226	164	1308	0
3058	24	509	18	3429	155	207	188	1560	0
2960	7	0	0	3154	212	225	151	1124	0
3132	14	108	16	3949	198	214	154	1986	0
3077	6	270	20	330	211	246	172	1269	0
3016	10	0	0	774	234	239	135	1448	0
3072	4	150	10	162	212	233	158	1170	0
3293	18	175	23	3246	248	216	89	1180	0
3221	24	467	135	3267	251	202	68	553	0
3041	8	67	0	3476	223	222	134	618	0
3041	9	95	21	3583	200	227	166	750	0
3239	14	192	30	4325	214	210	129	2089	0
3044	8	108	18	3610	204	229	165	732	0
3042	4	190	35	612	223	232	145	1168	0
3155	18	0	0	4042	169	237	207	1253	0
3312	18	404	89	4328	173	218	183	2005	0
3341	13	516	123	4218	183	231	188	1915	0
3099	10	85	2	3639	235	224	120	228	0
3258	14	457	84	3841	229	246	145	789	0
3280	21	467	99	3960	248	205	75	990	0
3202	18	150	5	4187	172	220	186	424	0
3186	5	153	6	4538	207	238	170	1008	0
3167	22	192	76	3632	224	246	143	680	0
3143	20	216	38	3144	218	250	156	722	0
2990	25	306	-45	2971	202	252	171	1052	0
2737	33	391	101	3180	173	249	193	1691	0
2706	17	210	-16	2448	222	249	154	1770	0
2606	11	150	-8	2616	232	242	139	2072	0
2582	11	42	2	2931	226	245	150	2192	0
2746	15	42	10	926	232	244	138	553	0
2586	7	150	16	2860	226	227	134	2581	0
2553	15	192	14	2671	243	217	100	2590	0
2582	19	108	19	2096	186	203	152	2242	0
2637	18	150	31	2554	203	199	128	2486	0
2749	19	516	62	3242	221	195	103	2771	0
2673	20	331	-2	2761	182	202	155	2510	0
2469	28	90	13	400	182	172	116	1114	0
2682	22	446	-41	2911	203	186	110	2550	0
2682	26	190	97	2220	176	180	133	2249	0
2719	24	402	-29	2941	187	186	129	2486	0
2549	13	67	0	755	199	217	155	1390	0
2764	14	134	40	2706	228	210	112	2241	0
2603	10	212	24	957	224	218	126	1338	0
2882	22	234	69	3101	226	188	85	2021	0
2868	17	67	15	3350	195	254	191	1940	0
2795	17	0	0	2166	242	234	114	1090	0
2833	23	68	22	3354	185	254	197	1706	0
2736	9	120	2	2312	231	242	143	771	0
2709	10	30	-7	2165	235	238	132	691	0
2868	17	342	83	2610	244	212	91	934	0
2766	28	30	11	2990	169	252	208	1315	0
2604	5	216	35	1489	223	242	154	1396	0
2356	25	67	20	417	225	177	71	579	0
